x,y
892522430322182843617660273,535624868165888210918467
892522430234923623617660273,535624868218097535867159
892522480027592054322204057,535624838246367535867159
892527390707485133219413866,535621882374427535867159
892527501198024501799344583,535621815867537535867159
892528020869101458133852371,535621503065347535867159
892528228863339206656283690,535621377868847535867159
892529482275540329305409524,535620623412547535867159
892531151439702212857477676,535619618709317535867159
892542350499926284143633745,535612877868847535867159
892542463710474100900580969,535612809727007535867159
892542518947615846186938787,535612776479577535867159
892542534365902068254174826,535612767199257535867159
892542569255219349488053852,535612746199257535867159
892542568765079499488053852,535612746492506939073878
892542719756373496337188223,535612655610346939073878
892542719619373496337188223,535612655692313656642713
892542766631020866067854404,535612627395853656642713
892542766617505176067854404,535612627403940055389323
892543021605329501876121142,535612473926010055389323
892588379714632214054987586,535585174144410055389323
892604979077901465180935599,535575184144410055389323
892605311403790644766575270,535574984144410055389323
892607449123636647296289256,535573697627780055389323
892609134902384514997726575,535572683101440055389323
892651060190249500797972268,535547453085430055389323
892651089200819596253688687,535547435628120055389323
892651089195044176253688687,535547435631574632854012
892651089113558006253688687,535547435680315726418347
892651089085194066253688687,535547435697281666203747
892651089018985806253688687,535547435736884251478398
892651367948342479430341241,535547267889284251478398
892656255422601924816024978,535544326836134251478398
892656255393575564816024978,535544326853496217661663
892656255099575564816024978,535544327029350787774021
892656255046637674816024978,535544327061015311216926
892656254822585464816024978,535544327195030974821576
892656254790367994816024978,535544327214301686871010
892656445841315266304075994,535544212249441686871010
892656445746798036304075994,535544212305976651983681
892656445551630336304075994,535544212422715146268770
892656445404045146304075994,535544212510992421996172
892656445256467196304075994,535544212599265367186241
892656495111091978213822921,535544182599265367186241
892656495009021978213822921,535544182660317973691056
892658537282801263402671772,535542953725797973691056
892666318470501890113397368,535538271461947973691056
892666724745351486849686554,535538026991737973691056
892666721353440386849686554,535538029020544293864873
892666721300501866849686554,535538029052208450502083
892666719300501866849686554,535538030248469951957953
892666716945933176849686554,535538031656809897008780
892666692344469086849686554,535538046371702598081538
892666667741405326849686554,535538061087552920939017
892666667291410616849686554,535538061356708626437250
892666666523867966849686554,535538061815799542733119
892666662043867966849686554,535538064495425641804832
892666661874952696849686554,535538064596459072245497
892666661639952696849686554,535538064737019817075056
892666661628867966849686554,535538064743649935821706
892666661518867966849686554,535538064809444327045529
892666661268867966849686554,535538064958977034432648
892666636664161056849686554,535538079675811199059621
892666636564161056849686554,535538079735624285330199
892666631860629216849686554,535538082548951857691340
892666631586002986849686554,535538082713214283360182
892666624537433906849686554,535538086929181068734378
892666617743508786849686554,535538090992837502633517
892666612254917946849686554,535538094275733235576447
892666607068899936849686554,535538097377650848963147
892666604553600666849686554,535538098882129074970737
892666599097642726849686554,535538102145506158514452
892666596829262956849686554,535538103502294224610085
892666594656360696849686554,535538104801974246798685
892666590033711856849686554,535538107566923459302109
892666587728914706849686554,535538108945493914207764
892666585555623316849686554,535538110245406713545153
892666582732017876849686554,535538111934292469566103
892666581115015526849686554,535538112901471598505104
892666579001075276849686554,535538114165884663927251
892666574247415906849686554,535538117009195425522001
892666573745351486849686554,535538117309495692257734
892666577674882409292583478,535538114944955692257734
892666838101699267999762987,535537958236825692257734
892666980880828868745677872,535537872321555692257734
892666991578770368673214489,535537865884225692257734
892667489551095516804081993,535537566236825692257734
892667488551095516804081993,535537566834955410642290
892667488430995516804081993,535537566906790789910171
892670812167236253188057874,535535566906790789910171
892672474483417280485496978,535534566642770789910171
892672474361604370485496978,535534566715629896429561
892672473794458740485496978,535534567054852757947700
892672473252586820485496978,535534567378958831914527
892672489871392153771295644,535534557378958831914527
892672488058263323771295644,535534558463432901586493
892672488048263323771295644,535534558469414131678566
892672588098237110298624881,535534498266554131678566
892672588068296970298624881,535534498284462014292016
892672584102643680298624881,535534500656409971810693
892672582807465910298624881,535534501431085431207467
892672581739204750298624881,535534502070036875738640
892672580794847390298624881,535534502634878623503671
892672579797406320298624881,535534503231470954287402
892672579023685500298624881,535534503694251084540120
892672578271072270298624881,535534504144406282902164
892672577627983390298624881,535534504529052461381796
892672576830375020298624881,535534505006120284321527
892672576014031200298624881,535534505494394209632501
892672575438695670298624881,535534505838515560414768
892672574830788610298624881,535534506202118689382242
892672574248094670298624881,535534506550641274555925
892672573697106480298624881,535534506880199925230188
892672573136465600298624881,535534507215532071197550
892672572539206730298624881,535534507572766275800238
892672571983529500298624881,535534507905129549920987
892672571417425970298624881,535534508243729033218520
892672570865703560298624881,535534508573726839773879
892672570310026330298624881,535534508906090115138929
892672569782087800298624881,535534509221862239245728
892672569243438770298624881,535534509544040559047644
892672568712328880298624881,535534509861709546950821
892672568183825290298624881,535534510177819647513027
892672567666786230298624881,535534510487072550492037
892672567151419500298624881,535534510795325194954429
892672566644589520298624881,535534511098471814074471
892672566139143460298624881,535534511400790679288480
892672565633512350298624881,535534511703220227487900
892672565142719030298624881,535534511996774953960967
892672564663293460298624881,535534512283530369088205
892672564185928650298624881,535534512569053196761297
892672563672731010298624881,535534512876008461206367
892672563161779400298624881,535534513181620324008100
892672562650679330298624881,535534513487320984486231
892672562174917000298624881,535534513771885333444648
892672561664216250298624881,535534514077347152157134
892672561194812340298624881,535534514358108385064143
892672560721810080298624881,535534514641021873844821
892672560251552820298624881,535534514922293515530873
892672559782157990298624881,535534515203049318369116
892672559322662270298624881,535534515477884236988423
892672558866383440298624881,535534515750795060269248
892672558464164050298624881,535534515991371694012721
892672557987547670298624881,535534516276446872512024
892672557606055120298624881,535534516504626308753332
892672586954605419109294277,535534498844786308753332
892672584065009499109294277,535534500573119737508143
892672584037166319109294277,535534500589773380524653
892672584024030309109294277,535534500597630328661012
892672595809475023774514095,535534493506000328661012
892672879387531230605532841,535534322869250328661012
892680054906104433947568752,535530005197690328661012
892680125993011517123378012,535529962423440328661012
892680159271095992713708986,535529942399430328661012
892680443003852549932474748,535529771672490328661012
892680440646877449932474748,535529773082226208185152
892680473817792204466123935,535529753122716208185152
892680519815002166434284950,535529725445406208185152
892680756315533340073075752,535529583139026208185152
892680851332435497105486788,535529525965766208185152
892682943498587907118126272,535528267077476208185152
892683063091248586775640382,535528195116926208185152
892683062641248586775640382,535528195386075175824707
892683080908541684219993219,535528184394395175824707
892683178762305786413457285,535528125514455175824707
892683178566082836413457285,535528125631817821818458
892683178316082836413457285,535528125781344987285519
892683177534587076413457285,535528126248764371094535
892683177414005786413457285,535528126320885085258747
892683202691167922667840890,535528111111275085258747
892683202502677922667840890,535528111224012580822939
892683401953127127981413797,535527991212012580822939
892686725808052387503378268,535525991212012580822939
892686763156422978047207585,535525968739172580822939
892686848122513574172798304,535525917614342580822939
892688940285706098047689847,535524658744772580822939
892689842575225190894328285,535524115832532580822939
892691838382938974770694953,535522914948682580822939
892691855002466443032342578,535522904948682580822939
892691864834047360019648048,535522899033002580822939
892691898073104889985477344,535522879033002580822939
892691934736835251356847785,535522856972372580822939
892691953411255034854621777,535522845735942580822939
892692029074703136306979404,535522800209122580822939
892692293655340899548353506,535522641010582580822939
892692293640043989548353506,535522641019731608069798
892692529833145701565158762,535522498902091608069798
892693003349839018680795338,535522213986821608069798
892693398895795097395594938,535521975986821608069798
892694216720963579312777699,535521483902091608069798
892694632211553740262749831,535521233902091608069798
892695473541896916152771667,535520727675731608069798
892695473530996916152771667,535520727682250812632190
892695471185667636152771667,535520729084973875278499
892695470975752366152771667,535520729210522553573747
892695470789752366152771667,535520729321767696308034
892695470685667636152771667,535520729384019957862148
892695469859540266152771667,535520729878120266022851
892695445236640346152771667,535520744604884233524376
892695440746640346152771667,535520747290318223016973
892695436256640346152771667,535520749975752239482962
892695436029318576152771667,535520750111711619674036
892695411405564316152771667,535520764838987675821648
892695386781084676152771667,535520779566698387389688
892695362155999766152771667,535520794294771917582473
892695361716193546152771667,535520794557816636096452
892695360775990236152771667,535520795120145007456953
892695360685990236152771667,535520795173973315592446
892695344291819446152771667,535520804979201017871505
892695339620328996152771667,535520807773183661848043
892695333395328996152771667,535520811496308509674535
892695308764277956152771667,535520826227952095691770
892695308616725836152771667,535520826316201894647829
892695299092080546152771667,535520832012819747898968
892695298803080546152771667,535520832185668450135034
892695295128522166152771667,535520834383393882983034
892695295085217466152771667,535520834409294094955458
892695281242646916152771667,535520842688430471954742
892695460884108078791373007,535520734598690471954742
892695460570076988791373007,535520734786510010564858
892695459570076988791373007,535520735384602189547469
892695459532198078791373007,535520735407257269393118
892695459452719848791373007,535520735454792577216849
892695457096142808791373007,535520736864242879675731
892695455895303228791373007,535520737582455646429559
892695475863162879018073743,535520725567855646429559
892695574227096906555545900,535520666382585646429559
892695574161096906555545900,535520666422059720133152
892695891900415125833779716,535520475239399720133152
892696307964717139991114794,535520224895139720133152
892696356890688680252306881,535520195456589720133152
892696373510384669137924333,535520185456589720133152
892697356851418615232097920,535519593785159720133152
892698400093555928935065001,535518966072959720133152
892698399343015928935065001,535518966521848863293847
892698431122015200990518936,535518947400648863293847
892698431004015200990518936,535518947471223269944298
892698430994015200990518936,535518947477204151864683
892698430939404340990518936,535518947509866262390113
892698447559177673099593482,535518937509866262390113
892698636499402589759544118,535518823825896262390113
892698636489402589759544118,535518823831877141552806
892698636486402589759544118,535518823833671405301640
892698636453752069759544118,535518823853199286774613
892698636395372069759544118,535518823888115659331875
892698636378372069759544118,535518823898283153910900
892698636368372069759544118,535518823904264033075212
892698795139026667360776957,535518728373144033075212
892698866183251875598987787,535518685626374033075212
892699078418260535634521803,535518557926224033075212
892699078085230535634521803,535518558125405054401590
892701170190214084309011358,535517299325405054401590
892701170195166807110050985,535517299322425054401590
892701187497603968255939663,535517288911735054401590
892701207605576676147523756,535517276812985054401590
892701636970921294249298691,535517018468625054401590
892701658224074792775888775,535517005680845054401590
892701682610744161556278474,535516991007665054401590
892701700038764522172860832,535516980521425054401590
892702394826901126249218481,535516562475705054401590
892702863451576809580857985,535516280510205054401590
892702863178227649580857985,535516280673690333420260
892702862850463549580857985,535516280869720221995136
892702860496796239580857985,535516282277406853651876
892702860022214189580857985,535516282561245953036111
892702859969274399580857985,535516282592908301673287
892702859968496239580857985,535516282593373705355791
892704000675177491710828015,535515596245923705355791
892704143197950330769728793,535515510492063705355791
892704142947560330769728793,535515510641817088424771
892704142929652360769728793,535515510652527496556891
892704237266797175053560468,535515453891267496556891
892704270411013122146432879,535515433948887496556891
892704268056114792146432879,535515435357305931286657
892704268045654372146432879,535515435363562103034817
892704267640047172146432879,535515435606147802908530
892704265284462142146432879,535515437014976948153701
892705096143946170995388297,535514937099706948153701
892705167750866149214613882,535514894014976948153701
892705165171666149214613882,535514895557542700346579
892705164625814929214613882,535514895884004936972273
892705259688008657273416346,535514838686624936972273
892705259032993537273416346,535514839078375743676329
892705258158794817273416346,535514839601215665853317
892705400752122951216630116,535514753805145665853317
892705417374848642155917437,535514743803525665853317
892706415184578571946207161,535514143438545665853317
892708348058730238889405551,535512980465185665853317
892708347759468108889405551,535512980644166829535882
892708347505552838889405551,535512980796027175278554
892708347492468108889405551,535512980803852823662529
892709331214380255495507826,535512388919152823662529
892709720943034877204533960,535512154428012823662529
892709739389722144639472646,535512143329052823662529
892709807532525749498229261,535512102329052823662529
892709807521714939498229261,535512102335518476424013
892710199993054547266064780,535511866194418476424013
892710366195204635962285067,535511766194418476424013
892712292058053278767618934,535510607449888476424013
892722090115468546671651656,535504712276218476424013
892724097859191650997130559,535503504297858476424013
892736397369489343155063970,535496104297858476424013
892741653836017677366215934,535492941807178476424013
892741869298201160598335880,535492812177708476424013
892745862046451298502478621,535490410014208476424013
892746277585190813667078038,535490160014208476424013
892824033064321055511290088,535443384200368476424013
892865261692129589350986794,535418585364598476424013
892869674976231369203165854,535415930929628476424013
892870094024945537157465330,535415678887948476424013
892870091670511367157465330,535415680295565528830272
892870091660511367157465330,535415680301544107777428
892870091535534877157465330,535415680376262288989066
892870748764096736720721599,535415285079042288989066
892870843161998187040601911,535415228302452288989066
892871223550849219786265965,535414999513782288989066
892871223452327049786265965,535414999572684396570146
892871220852747339786265965,535415001126859707636319
892871220810940729786265965,535415001151854056162382
892887830711782489582910112,535405011151854056162382
892887847338619469149372519,535405001151854056162382
892887847327810349149372519,535405001158316116490116
892887847318959729149372519,535405001163607318769219
892888112074237409057092477,535404841929957318769219
892888142492041096401344804,535404823635567318769219
892888241608053460162254728,535404764023547318769219
892888239253637290162254728,535404765431096306155233
892888272405170334632439276,535404745492546306155233
892890164828119974255453671,535403607322316306155233
892890181455044014097545736,535403597322316306155233
892892257655317001563414241,535402348627496306155233
892892297884499292664957845,535402324432406306155233
892892297869572022664957845,535402324441330247810096
892894390690056575671268567,535401065756570247810096
892894405427769661642218645,535401056892890247810096
892894405304914881642218645,535401056966335941869272
892894405286684881642218645,535401056977234296845039
892894405268684881642218645,535401056987995152005311
892894405068684881642218645,535401057107560209370850
892894404768684881642218645,535401057286907795519469
892894431745045281197744507,535401041062557795519469
892894500545724786493051278,535400999683877795519469
892896593342913715038893682,535399741019347795519469
892896622366459921238698002,535399723563847795519469
892896644750764185849697813,535399710101357795519469
892897016409185571044012848,535399486576627795519469
892897045544294448059362850,535399469054047795519469
892897068610999479538691888,535399455181157795519469
892897086554771167217898203,535399444389327795519469
892902067421250532590402613,535396448789327795519469
892902524075693830146156677,535396174149217795519469
892903900935434554300313093,535395346082967795519469
892903919927940915390214972,535395334660577795519469
892949262210064706264893430,535368066493277795519469
892992774877749620824310061,535341901236217795519469
893038126176259538363032866,535314633082207795519469
893039959965222985289386471,535313530547127795519469
893040347031275444164928758,535313297830687795519469
893085702982712276997528311,535286029788837795519469
893093138540205843251554375,535281559788837795519469
893111032243592139620036954,535270803018957795519469
893112605564194915358898119,535269857240527795519469
893112724417013333050365345,535269785794047795519469
893120636654568395937588756,535265029521277795519469
893165997852994476887434297,535237763235367795519469
893211360167691406270406418,535210499052147795519469
893218797820855851237127648,535206029052147795519469
893220461742330962457442506,535205029052147795519469
893265828907094865111355219,535177765284057795519469
893265848852807790954942901,535177753298127795519469
893265980959037504259274977,535177673911857795519469
893266298819973566284330066,535177482900567795519469
893311669740988666084803567,535150219677567795519469
893328368374641889247308179,535140186226507795519469
893330463192292167535770898,535138927572147795519469
893330480394709748289931966,535138917236237795519469
893330506663127935691773917,535138901453107795519469
893331000191417018811465169,535138604921487795519469
893331114200333682292919951,535138536420397795519469
893331280634112353733508589,535138436420397795519469
893331455337553002974343041,535138331451697795519469
893331502848751418842560613,535138302905107795519469
893331759282577589324978115,535138148829667795519469
893332015847318461663037388,535137994675657795519469
893332099064368258009709638,535137944675657795519469
893333495258964494713573647,535137105789707795519469
893333492907760694713573647,535137107193933381398545
893333492686845424713573647,535137107325872125005593
893333492020845424713573647,535137107723631878459796
893333491891845424713573647,535137107800675434377424
893333491827845424713573647,535137107838898593910690
893333491249845424713573647,535137108184101503693509
893333490964845424713573647,535137108354314011276475
893333490855760694713573647,535137108419463433874664
893333490400845424713573647,535137108691155605549838
893333490373926444713573647,535137108707232612899831
893333490317518064713573647,535137108740921777197502
893333490138845424713573647,535137108847631665445338
893333490135760694713573647,535137108849473979935355
893333584460119749721810416,535137052175963979935355
893334792459251673541567954,535136326367153979935355
893336477175596045726382171,535135314132983979935355
893336476900596045726382171,535135314297223019251710
893336728172594858225688209,535135163324893019251710
893336728169383038225688209,535135163326811222648900
893337462605825080825761475,535134722054171222648900
893337711210956026014852684,535134572684511222648900
893382134687170642601859299,535107883023191222648900
893385463755366457995463570,535105883023191222648900
893392837729945166442929570,535101453023191222648900
893438249688359851120061584,535074172883141222648900
893483665657265414012619700,535046893111491222648900
893485761153194467678085876,535045634487891222648900
893493203383760239092194755,535041164487891222648900
893494535204216569262684023,535040364569251222648900
893494532851615049262684023,535040365973804377123040
893494532370615049262684023,535040366260971610373519
893494532243615049262684023,535040366336793312343517
893494529889602119262684023,535040367742189117914497
893494701081103991343884982,535040264921239117914497
893494700587383261343884982,535040265216000786442179
893494726489213055818684710,535040249658860786442179
893494858247313904585235441,535040170522410786442179
893494858225613904585235441,535040170535366138651170
893494855870420094585235441,535040171941465927137476
893494855759420094585235441,535040172007735240638917
893494855704420094585235441,535040172040571386974548
893494855674798604585235441,535040172058256033891118
893494855584763674585235441,535040172112008763663362
893494855569757764585235441,535040172120967604696628
893494853012419484585235441,535040173647751864015992
893494890537797662625183398,535040151109291864015992
893494957184100895851812854,535040111080251864015992
893494957174100895851812854,535040111086222071082791
893494957164350395851812854,535040111092043321483402
893495156078693182206436581,535039991620333321483402
893495154078693182206436581,535039992814374205108588
893495146098693182206436581,535039997578597383955644
893495240678266348723593042,535039940772337383955644
893495477491794754052217457,535039798537757383955644
893497142445800881992978583,535038798537757383955644
893497402527777831419368710,535038642328387383955644
893497502497649540260235832,535038582284917383955644
893497502433649540260235832,535038582323126491161259
893498487365635599190640456,535037990758276491161259
893498687417423561447889073,535037870604346491161259
893498785910194738745683353,535037811448216491161259
893500582844512993941275469,535036732186736491161259
893501939373785770983447591,535035917440976491161259
893503686025891018746235964,535034868386986491161259
893504630110763841386610358,535034301363356491161259
893504630100763841386610358,535034301369326568769017
893505781501638732671104461,535033609831956568769017
893505781389342482671104461,535033609898998128490011
893505877864663513556469173,535033551955498128490011
893505971897032080370329793,535033495479258128490011
893506069837785687986353145,535033436655638128490011
893506140992822377348584337,535033393919638128490011
893506138638310807348584337,535033395325295051323539
893506138429395537348584337,535033395450018667101447
893506138319395537348584337,535033395515689298742960
893506138262532777348584337,535033395549636692986375
893506138117059277348584337,535033395636485207859499
893506138098690137348584337,535033395647451689925224
893506138063310807348584337,535033395668573353104103
893506137910310807348584337,535033395759915231739158
893506185044018423604072189,535033367451225231739158
893506182688820353604072189,535033368857291860134325
893506182608045213604072189,535033368905515077753848
893506182543765213604072189,535033368943890603058853
893506207984276688584391161,535033353664220603058853
893508303428811710775492177,535032095135090603058853
893508352669154957704105402,535032065561290603058853
893508449190236822058619440,535032007590640603058853
893508449164366822058619440,535032007606085061603332
893508465814360239326007525,535031997606085061603332
893508465686320319326007525,535031997682525230254614
893508512823104392399674405,535031969372135230254614
893508530323631937555519139,535031958861305230254614
893508648870854297094735252,535031887661765230254614
893510313874022277564112098,535030887661765230254614
893511580374214609158139362,535030127004935230254614
893511637511285129007249459,535030092688605230254614
893513103702590637990696603,535029212100605230254614
893513339163884322574599427,535029070683865230254614
893513339123914322574599427,535029070707727164582616
893513339120034322574599427,535029070710043509471212
893513439037083439304905901,535029010700443509471212
893515534443823488569432510,535027752214413509471212
893516608909500468221349379,535027106900443509471212
893516614097350295218917539,535027103784673509471212
893516833567561287231132528,535026971973123509471212
893516978405833251751325033,535026884984783509471212
893518928972130012179494935,535025713497973509471212
893519024814949031655270541,535025655936053509471212
893519048049816605419176564,535025641981503509471212
893519857335119147935243097,535025155936053509471212
893519875727255515805043944,535025144890003509471212
893521971127916167852466293,535023886425783509471212
893521997341578223466730671,535023870682313509471212
893522015776361500086630081,535023859610703509471212
893522041051537372341501777,535023844430873509471212
893522062256999150359385370,535023831695243509471212
893522109778830897480470661,535023803154463509471212
893522309331873792278026099,535023683306433509471212
893522309275012362278026099,535023683340378879124188
893522314190076565277907586,535023680388478879124188
893522311895693375277907586,535023681758189152976334
893522311791765345277907586,535023681820232534148946
893522311471765345277907586,535023682011267445372112
893522310791765345277907586,535023682417216632175229
893522310529292795277907586,535023682573908570914618
893522310357765345277907586,535023682676307731133676
893522310344208425277907586,535023682684400996808900
893522310322693375277907586,535023682697245139554638
893522310164292985277907586,535023682791807653727282
893522309904693375277907586,535023682946784493186508
893523218220536457250448348,535023137429024493186508
893523434677665787201524670,535023007429024493186508
893523457355136023348519286,535022993809374493186508
893523565005688158794617601,535022929156544493186508
893525552735988562581774286,535021735367154493186508
893525695348753454722536095,535021649717104493186508
893525738113784909598029353,535021624033384493186508
893525736205884909598029353,535021625172361706697139
893525734296984909598029353,535021626311935904581640
893525732388784909598029353,535021627451092221664139
893527784996660163931443321,535020394703662221664139
893527783996660163931443321,535020395300638995160356
893527781180060163931443321,535020396982083782566252
893527806469765764248089700,535020381793723782566252
893537751779480785792429065,535014408958133782566252
893542792365748489675963960,535011381793723782566252
893542816761498839914985932,535011367142743782566252
893542845778612611667187514,535011349716383782566252
893542864071073130705098653,535011338730763782566252
893544223383081835154571796,535010522391043782566252
893585095122412038711543935,534985977884273782566252
893605804526025351597911051,534973542224783782566252
893605803526025351597911051,534973542821656161296921
893605802617825351597911051,534973543363735656815847
893606338143701736167086284,534973221796815656815847
893606371615718220077238501,534973201697905656815847
893606371417018220077238501,534973201816504047608188
893606562644074055054358709,534973086990604047608188
893606604945426568588152026,534973061589964047608188
893606614769252381867563315,534973055691064047608188
893608467150415409179404546,534971943396464047608188
893608579095080164420472361,534971876177484047608188
893608579025666374420472361,534971876218914963852133
893608576745810334420472361,534971877579689600848525
893608566745810334420472361,534971883548376359182484
893608566573882304420472361,534971883650994815951887
893608566354882304420472361,534971883781709057500038
893608566317914584420472361,534971883803773931851385
893608566275810334420472361,534971883828904640101442
893608566203914584420472361,534971883871816961729289
893608565975810334420472361,534971884007965245097397
893609541822515832996610504,534971298045765245097397
893609741248550984059515652,534971178297485245097397
893609764642874063242902319,534971164250025245097397
893609869150852944333945889,534971101496705245097397
893609868200852944333945889,534971102063728838740967
893609868185649924333945889,534971102072803018787197
893609873098714535878698530,534971099122683018787197
893609873088282025878698530,534971099128909839052795
893609872556842615878698530,534971099446108450904775
893610109072658182041909920,534970957426838450904775
893610308616039735798758676,534970837608248450904775
893611426361672260512350966,534970166443378450904775
893611426349264690512350966,534970166450784093394968
893611509466274390815704344,534970116542164093394968
893611509407376400815704344,534970116577318227210354
893612411068322523591931411,534969575164628227210354
893612410589062523591931411,534969575450681047212167
893614506294823764112874789,534968317064271047212167
893615158486690851479726626,534967925450681047212167
893617906401249073112995897,534966275450681047212167
893617961535696300238056451,534966242345011047212167
893618297774638497369551667,534966040449261047212167
893618697473060549670031418,534965800449261047212167
893618819221687352347673790,534965727345011047212167
893619579938830770385728618,534965270571061047212167
893619628191010234028391327,534965241597981047212167
893619627937010234028391327,534965241749581933782374
893619626480750234028391327,534965242618756372755069
893619674024367485688368105,534965214071136372755069
893619665480627485688368105,534965219170500300162633
893619663129404735688368105,534965220573836616867541
893619663118673265688368105,534965220580241735915626
893619663031911095688368105,534965220632026070007860
893619679686055820169236655,534965210632026070007860
893619825406517879974693855,534965123134026070007860
893619825193519859974693855,534965123261154709343958
893619825140630179974693855,534965123292722106333458
893627286262520591822844141,534960643292722106333458
893629804577285343612856643,534959131197862106333458
893629850508796677985588651,534959103618862106333458
893630050240494042665452423,534958983692502106333458
893631515964379840256395459,534958103618862106333458
893631715696822804664231114,534957983692502106333458
893631711503122814664231114,534957986195460430436379
893631745297643986469375014,534957965904050430436379
893633410760301447315449159,534956965904050430436379
893633558109677691313870189,534956877430690430436379
893633577325761788539115401,534956865892730430436379
893633568225761788539115401,534956871323931013938651
893634516881950453171680946,534956301720601013938651
893636475612302155364336418,534955125640471013938651
893636524817463133300480531,534955096096291013938651
893636524775567383300480531,534955096121295708031684
893636524765567383300480531,534955096127264020830591
893636524540567383300480531,534955096261551058841313
893636524495463133300480531,534955096288470686112518
893636523775762533300480531,534955096718010516958637
893636521422563473300480531,534955098122473330596644
893636518883229203300480531,534955099638027468676649
893636512883229203300480531,534955103219015219176986
893636512228229203300480531,534955103609939718176652
893636511978229203300480531,534955103759147542373103
893636511858395293300480531,534955103830668170306855
893636704688086076633819510,534954988050258170306855
893636702520123966633819510,534954989344165252406002
893636674671877786633819510,534955005964863557132343
893636643837575326633819510,534955024367734205341294
893636632219873076633819510,534955031301540544818362
893636663849545792611166933,534955012310190544818362
893636683551117263295600344,534955000480810544818362
893636732804450176607111611,534954970907720544818362
893636730448954396607111611,534954972313553453345538
893636730404058646607111611,534954972340348628912375
893636730142058646607111611,534954972496718352124958
893636729874954396607111611,534954972656134450087162
893636729673954396607111611,534954972776097482151080
893636729074154396607111611,534954973134076719446445
893636728986892806607111611,534954973186157142016193
893636728689296746607111611,534954973363771698048948
893636775853508593342969429,534954945045051698048948
893637000319555501761847204,534954810269361698048948
893637071443165962429926405,534954767564771698048948
893637091184177332541598602,534954755711721698048948
893637091124597642541598602,534954755747280675523588
893637110835064988112704053,534954743912570675523588
893637268092222393987073381,534954649491040675523588
893639363781232238025243266,534953391184800675523588
893639363626090978025243266,534953391277393243049357
893639363611889558025243266,534953391285869040787240
893639363481142838025243266,534953391363902276463060
893639480065316983050716049,534953321363902276463060
893639479954316983050716049,534953321430150109670256
893639477599279623050716049,534953322835700764197017
893639477569945783050716049,534953322853208001586009
893639477541705473050716049,534953322870062590386539
893639477527383873050716049,534953322878610112668594
893639477498668833050716049,534953322895748033308880
893639477284279623050716049,534953323023701373026069
893639575803409366217639734,534953263870411373026069
893641671483839606029198176,534952005575831373026069
893642004583284147708063878,534951805575831373026069
893642837332984244698657140,534951305575831373026069
893643170433299220938301817,534951105575831373026069
893648333520025537696102393,534948005575831373026069
893649832491870248144436360,534947105575831373026069
893651513628679444932860800,534946096205481373026069
893653345719122291345218967,534944996205481373026069
893655811774122793446642769,534943515575831373026069
893655844036398526225691454,534943496205481373026069
893658342367664787612013991,534941996205481373026069
893661673497786523056890608,534939996205481373026069
893661673031606033056890608,534939996483696788642557
893661673007332503056890608,534939996498183174036174
893661672576912363056890608,534939996755056897486631
893661672058912363056890608,534939997064198074961175
893661674521909187843339174,534939995585428074961175
893661673114661707843339174,534939996425270046969177
893661672680661707843339174,534939996684280222351212
893661672565661707843339174,534939996752911950893122
893661672099407327843339174,534939997031171464462146
893661672058202597843339174,534939997055762350092079
893661672048202597843339174,534939997061730326494628
893661671723862847843339174,534939997255295524007896
893661671713862847843339174,534939997261263500414904
893661669355468457843339174,534939998668747711938897
893661767015383538043701218,534939940034267711938897
893661816332478875344071512,534939910424557711938897
893662045533189392370539606,534939772813767711938897
893662783382488022367805363,534939329813767711938897
893662800038242460881027464,534939319813767711938897
893663807712544420365806278,534938714813767711938897
893663904964410857598122821,534938656424557711938897
893663904956351747598122821,534938656429367345698427
893663904623351747598122821,534938656628099965371657
893663999357048971661183742,534938599750789965371657
893663996997596931661183742,534938601158898033698324
893663996944545681661183742,534938601190558729527041
893663996824273151661183742,534938601262336717597409
893664209511370838432945967,534938473566846717597409
893664233416352510106759389,534938459214506717597409
893664232781209920106759389,534938459593556140697253
893664232370091210106759389,534938459838909408588111
893664289440555500128023055,534938425574309408588111
893664289084742970128023055,534938425786656241209531
893664383796885927519382661,534938368922336241209531
893664480651736627063436384,534938310771566241209531
893665345027743098433503035,534937791808646241209531
893665344927743098433503035,534937791868325513932850
893665344882281398433503035,534937791895456725864914
893665380668042261901370558,534937770410056725864914
893665832065953108083728048,534937499395576725864914
893666241145583508276611878,534937253788776725864914
893666272244533651416776876,534937235117326725864914
893666271748673651416776876,534937235413251752727106
893666271608673651416776876,534937235496802560999836
893666271478673651416776876,534937235574385454419346
893666271403673651416776876,534937235619144816017773
893666416680701054485346575,534937148396514816017773
893666501908314172697581983,534937097226864816017773
893666501892954172697581983,534937097236031528538174
893666501875909642697581983,534937097246203553704906
893666501835909642697581983,534937097270075200895835
893666500332665642697581983,534937098167197962691952
893666497973294402697581983,534937099575249917044696
893666497265294402697581983,534937099997778076324774
893666497255294402697581983,534937100003745988183793
893666496803294402697581983,534937100273495604350896
893666496391939352697581983,534937100518988672830830
893666539329183972872598864,534937074739978672830830
893666539318469672872598864,534937074746372872031065
893666824806636273201953109,534936903342742872031065
893667163866759483639432380,534936699775302872031065
893667163174209023639432380,534936700188610265150270
893667163159914393639432380,534936700197141161607350
893667162676914393639432380,534936700485390874335983
893667162367914393639432380,534936700669799075809978
893667162356963583639432380,534936700676334412954005
893667162163863583639432380,534936700791574619185298
893667161948720663639432380,534936700919969826235078
893667495067196942816406827,534936500919969826235078
893667755414449605714173507,534936344610969826235078
893668075008736006802347815,534936152730969826235078
893668177341832199993696529,534936091291619826235078
893670272916733989710661656,534934833141059826235078
893670671724303640017662930,534934593703869826235078
893670856971349151583330074,534934482484809826235078
893670958580644779294038387,534934421480399826235078
893671042285162423055223852,534934371225709826235078
893671227609179583255508772,534934259960529826235078
893671412933273721827851922,534934148695349826235078
893671598257444838820239295,534934037430169826235078
893671783581692934280656927,534933926164989826235078
893671968906018008257090894,534933814899809826235078
893672154230420060797527312,534933703634629826235078
893672317149115948230375736,534933605821439826235078
893672339554682550217795751,534933592369579826235078
893672502473446109488431154,534933494556389826235078
893672522515735438820797924,534933482523399826235078
893672571849443233741729592,534933452904429826235078
893673991619335791341950643,534932600504429826235078
893674034143095993840131429,534932574974099826235078
893674128316964613505680042,534932518434189826235078
893674526102725180122531550,534932279612539826235078
893674941875346107756546483,534932029992209826235078
893674958531554443587621713,534932019992209826235078
893675408032517514177723695,534931750122429826235078
893675407310897514177723695,534931750553077681179228
893677502899170623820232355,534930492414877681179228
893677525283161230185229354,534930478976127681179228
893677561529363265263011247,534930457214877681179228
893678045628981708320015368,534930166574587681179228
893678062285305913288614914,534930156574587681179228
893678063111526235317080711,534930156078547681179228
893678092574266759099869870,534930138389927681179228
893678116791049181173618565,534930123850837681179228
893678116558434541173618565,534930123989656432753808
893678114201703151173618565,534930125396096329675512
893678114190086211173618565,534930125403029036562959
893678110791049181173618565,534930127431491567874936
893678110781049181173618565,534930127437459324392807
893678110329861681173618565,534930127706717038922428
893678493425531521815082461,534929897706717038922428
893678493172479271815082461,534929897857732330881890
893678492425531521815082461,534929898303492179572576
893678541469113005395992082,534929868859102179572576
893705416832489486411001325,534913734132702179572576
893705568578986031551105976,534913643033872179572576
893707664246560115655962430,534912384933112179572576
893715143495245966374986812,534907894933112179572576
893716116665146731145071455,534907310717812179572576
893718604485331820811145409,534905817230422179572576
893718643177710010932270616,534905794002692179572576
893720738885705656341996746,534904535914532179572576
893720762269358267794791360,534904521876972179572576
893720786596949772313102650,534904507272752179572576
893720838223710047469185517,534904476280432179572576
893720856935753516979973172,534904465047312179572576
893720876925260561584082928,534904453047312179572576
893720976487144913606165614,534904393278832179572576
893720999308504976785842956,534904379578832179572576
893721008536497157774450086,534904374039132179572576
893722542334999365024552647,534903453278832179572576
893724507072911942188428719,534902273824312179572576
893724959435095393509992089,534902002266882179572576
893725056097935714121559567,534901944239272179572576
893725053533935714121559567,534901945769243968846675
893725052448025714121559567,534901946417220440165483
893725050448025714121559567,534901947610646181808567
893725049478025714121559567,534901948189457668425066
893725049448182484121559567,534901948207265507951877
893725965643452317787590074,534901398207265507951877
893726003736310311674144814,534901375339815507951877
893726004721038082333965304,534901374748675507951877
893726054695383938140377849,534901344748675507951877
893726119162298361084906096,534901306048675507951877
893726116808473161084906096,534901307453229943097945
893726306340421648135885908,534901193675729943097945
893726492558631660468271874,534901081887539943097945
893726492016989900468271874,534901082210743508964405
893726490498989900468271874,534901083116550723893810
893726489527989900468271874,534901083695957053367761
893726489475037040468271874,534901083727554604637380
893726489096246640468271874,534901083953582983278670
893726488985832360468271874,534901084019468392995691
893726488675958540468271874,534901084204373494046678
893726488565544260468271874,534901084270258903825574
893726488455129980468271874,534901084336144313620725
893726488344715700468271874,534901084402029723432131
893726488234301420468271874,534901084467915133259791
893726486974301420468271874,534901085219770930445766
893726486226788100468271874,534901085665820314870995
893726485915597630468271874,534901085851511076537394
893737829371527287909836395,534894276377731076537394
893739925041518628567938059,534893018366481076537394
893740390833362545143666234,534892738756761076537394
893740811374653299214254980,534892486310701076537394
893740837839428991198064281,534892470424211076537394
893740858516101726761815909,534892458012251076537394
893740858456967486761815909,534892458047535988613332
893740858451854186761815909,534892458050587052445908
893742503645109105195395662,534891470462547052445908
893744599315364565537263297,534890212464317052445908
893752062524112210239190682,534885732464317052445908
893757517431893827166805084,534882458050587052445908
893757653606674098552517774,534882376309557052445908
893757695505271848240328479,534882351159277052445908
893758649084482147053575854,534881778759277052445908
893759827428959386143311818,534881071442297052445908
893760034338471167356862250,534880947242297052445908
893760031984544987356862250,534880948646804984306368
893760030984544987356862250,534880949243471077344138
893760030960822317356862250,534880949257625590185628
893760364364496945855643243,534880749128055590185628
893760364177379905855643243,534880749239701900115782
893760961660512261669025607,534880390593631900115782
893761357484829383831210890,534880152995831900115782
893761356336829383831210890,534880153680802540266819
893761356031829383831210890,534880153862785158372132
893761355915620103831210890,534880153932123089626160
893768819404644630062902186,534875673932123089626160
893770485379042699080264327,534874673932123089626160
893774004320617784618503275,534872561702113089626160
893774001966118434618503275,534872563106919030279909
893774001737361334618503275,534872563243406362065752
893774001053331704618503275,534872563651530871234794
893774000642026374618503275,534872563896935132641124
893774000631275174618503275,534872563903349808318860
893773999957575594618503275,534872564305310920867779
893773999933196484618503275,534872564319856653828135
893773999241299814618503275,534872564732675013729064
893773999121299814618503275,534872564804272703645676
893773998442646654618503275,534872565209189358262411
893774023702013970777989268,534872550047419358262411
893774142002530896133022016,534872479038319358262411
893774241774270873787120065,534872419151009358262411
893774343393701482024148888,534872358154649358262411
893774445009856567944300933,534872297160269358262411
893774546623835684462166622,534872236167209358262411
893774648234539274672612409,534872175176129358262411
893774749841850716790256263,534872114187099358262411
893774851518040819764578699,534872053156739358262411
893774953190938762569850866,534871992128369358262411
893775001392451392145031132,534871963195789358262411
893775001375451392145031132,534871963205932341552673
893775001008451392145031132,534871963424901451501225
893775000955881392145031132,534871963456267135739331
893776847361051069050468107,534870855168397135739331
893778212434508532867651416,534870035798447135739331
893778213450672449120826961,534870035188507135739331
893778213371192109120826961,534870035235928427354810
893778211014710799120826961,534870036641903636978583
893778210455710799120826961,534870036975426394575667
893778210307710799120826961,534870037063729378767656
893778518008210050936041036,534869852370319378767656
893778517433474620936041036,534869852713230315486513
893778517402990660936041036,534869852731418307282249
893778517292275990936041036,534869852797475260182904
893778516599021710936041036,534869853211099447143072
893778515397676210936041036,534869853927871879832449
893778515286961540936041036,534869853993928833029075
893778515253419110936041036,534869854013941634665642
893778515243419110936041036,534869854019908048439939
893778562453808726078180641,534869825682468048439939
893778678079919967058830804,534869756279368048439939
893778678030658887058830804,534869756308759236341153
893778867470646654613043131,534869642599859236341153
893779056910714848140111763,534869528890959236341153
893779246350863467691279135,534869415182059236341153
893779435791092513317787725,534869301473159236341153
893779625231401985070880056,534869187764259236341153
893779814671791883001798694,534869074055359236341153
893780004112262207161786247,534868960346459236341153
893780193552812957602085369,534868846637559236341153
893780357266966231291607210,534868748370589236341153
893780357236034501291607210,534868748389044310151363
893780440385636156553688111,534868698479754310151363
893780474298115794848355131,534868678124304310151363
893780491108455328527621118,534868668034154310151363
893780596067403935033301436,534868605034154310151363
893780595521403935033301436,534868605359918983307807
893780595329403935033301436,534868605474473593742913
893780614060147223672504373,534868594231633593742913
893780613807398453672504373,534868594382433258765416
893780615781226767544425727,534868593197673258765416
893780762942650641746879226,534868504866313258765416
893780910093527184799607482,534868416541313258765416
893781006872998290358903290,534868358450973258765416
893781023533166468810365181,534868348450973258765416
893781212853746923530383408,534868234814343258765416
893781402174407702656635044,534868121177713258765416
893781591495148806240265420,534868007541083258765416
893781780815970234332419910,534867893904453258765416
893781780715970234332419910,534867893964116959875497
893781780632861654332419910,534867894013702614653672
893781798812701968486294113,534867883101562614653672
893783894444222179083531333,534866625237362614653672
893784637699158340011561514,534866179113702614653672
893784668853360390826822738,534866160414042614653672
893784771410158808581204408,534866098856472614653672
893784818911832787378047996,534866070344592614653672
893784818901832787378047996,534866070350558944142114
893785795894731822910439476,534865483931808944142114
893785795577333322910439476,534865484121178932602822
893785793221314712910439476,534865485526854190434708
893785792461314712910439476,534865485980294241856145
893785792381849172910439476,534865486027705897879281
893785791628301162910439476,534865486477296488723145
893785791368266852910439476,534865486632441187738221
893785787368266852910439476,534865489018967792698988
893785785894731822910439476,534865489898125436180302
893785887409582120149332119,534865428966115436180302
893785993202817749913990866,534865365466115436180302
893785994237925547602129989,534865364844815436180302
893785993774544777602129989,534865365121282943341337
893785993762851297602129989,534865365128259640426438
893787100380878641243767544,534864700906689640426438
893788039117293071292786606,534864137453419640426438
893788201906138606668479618,534864039743569640426438
893788201905528816668479618,534864039743933458474018
893788247553261210012175706,534864012345053458474018
893788281424016679330605830,534863992015003458474018
893788281399985579330605830,534863992029341093275186
893788329703866929177415840,534863963036181093275186
893790425320009525098434549,534862705199621093275186
893797905956071484975951447,534858215199621093275186
893801238128296147700827092,534856215199621093275186
893804011952511210847205229,534854550336551093275186
893807086150701253015577937,534852705199621093275186
893807086123782103015577937,534852705215681143683635
893807498281878387543326334,534852457838931143683635
893808921661087464535737761,534851603530351143683635
893808969952691245211805674,534851574545901143683635
893808967595898095211805674,534851575951965492036893
893808966436898095211805674,534851576643425659484626
893808966407240925211805674,534851576661119146767989
893808965837240925211805674,534851577001181524880333
893809158608135919187874578,534851461300801524880333
893809351379114189425612178,534851345600421524880333
893809481888667145092987714,534851267269131524880333
893809544149975773823224643,534851229900161524880333
893809674659585109063519733,534851151568871524880333
893809867430786311568142674,534851035868491524880333
893810060202070790532955075,534850920168111524880333
893810190711831055265663049,534850841836821524880333
893810252973238583538509799,534850804467851524880333
893810383483055227978539618,534850726136561524880333
893810576254562639741681743,534850610436181524880333
893810769026153328163534724,534850494735801524880333
893810961797827293298088459,534850379035421524880333
893811154569584535199332894,534850263335041524880333
893811231527572653923267088,534850217145361524880333
893811424299446418270167315,534850101444981524880333
893811617071403459513292083,534849985744601524880333
893811681317788928828369658,534849947184381524880333
893811809843243814092736561,534849870044341524880333
893811874089657037643169928,534849831484121524880333
893812002615167445503618417,534849754344081524880333
893812066861608423307401198,534849715783861524880333
893812066249969093307401198,534849716148763419543365
893812067696155664000641620,534849715280773419543365
893812067694745664000641620,534849715281614620631854
893812083584903984834039280,534849705744464620631854
893812295477694736256711723,534849578568084620631854
